{
  "timestamp": "2025-11-21T22:47:01.291338",
  "baseline_summary": {
    "mode": "Baseline (Fixed PRB)",
    "prb_allocation": 10,
    "total_samples": 77,
    "avg_rsrp": -110.51987012987013,
    "min_rsrp": -120.17,
    "max_rsrp": -102.78,
    "std_rsrp": 5.217140397792669,
    "avg_sinr": 12.7187012987013,
    "min_sinr": 3.07,
    "max_sinr": 20.45,
    "std_sinr": 5.216793820429049,
    "avg_throughput_mbps": 7.848620629806432,
    "min_throughput_mbps": 2.8767852515768104,
    "max_throughput_mbps": 12.251324867143433,
    "avg_resource_efficiency": 0.7848620629806432,
    "prb_utilization": 0.1,
    "handover_count": 2,
    "total_handover_delay_ms": 100,
    "avg_prb": 10,
    "samples_below_threshold": 38,
    "samples_critical": 1
  },
  "xapp_summary": {
    "mode": "xApp Controlled (Dynamic PRB)",
    "prb_allocation": "Dynamic",
    "total_samples": 77,
    "avg_rsrp": -110.51987012987013,
    "min_rsrp": -120.17,
    "max_rsrp": -102.78,
    "std_rsrp": 5.217140397792669,
    "avg_sinr": 12.7187012987013,
    "min_sinr": 3.07,
    "max_sinr": 20.45,
    "std_sinr": 5.216793820429049,
    "avg_throughput_mbps": 7.5212251365497655,
    "min_throughput_mbps": 4.890534927680578,
    "max_throughput_mbps": 9.999700743768019,
    "avg_resource_efficiency": 0.7848620629806432,
    "prb_utilization": 0.10714285714285714,
    "handover_count": 2,
    "total_handover_delay_ms": 60,
    "avg_prb": 10.714285714285714,
    "samples_below_threshold": 38,
    "samples_critical": 1,
    "maintain_decisions": 77,
    "handover_recommendations": 0
  },
  "improvements": {
    "rsrp_improvement_pct": 0.0,
    "sinr_improvement_pct": 0.0,
    "throughput_improvement_pct": -4.1713762035245825,
    "efficiency_improvement_pct": 0.0,
    "prb_utilization_reduction_pct": -7.142857142857132,
    "handover_delay_reduction_pct": 40.0,
    "prb_savings_pct": -7.142857142857135
  },
  "configuration": {
    "baseline_prb": 10,
    "total_prb": 100,
    "rsrp_handover_threshold": -110,
    "rsrp_critical_threshold": -120
  }
}