{
  "timestamp": "2025-11-21T23:33:53.792687",
  "algorithms": {
    "Rule-based (xApp)": {
      "name": "Rule-based (xApp)",
      "total_samples": 77,
      "avg_throughput_mbps": 6.966891832218295,
      "min_throughput_mbps": 4.890534927680578,
      "max_throughput_mbps": 8.575927407000403,
      "std_throughput_mbps": 0.9518760794477601,
      "throughput_5th_percentile": 5.137824140687367,
      "throughput_95th_percentile": 8.455665417633169,
      "avg_prb": 9.948051948051948,
      "total_prb_used": 766,
      "prb_efficiency": 0.7003272468417868,
      "handover_count": 11,
      "total_handover_delay_ms": 550,
      "ping_pong_count": 3,
      "avg_rsrp": -110.51987012987013,
      "avg_sinr": 12.7187012987013,
      "samples_below_threshold": 38,
      "samples_critical": 1,
      "service_continuity": 98.7012987012987,
      "fairness_index": 0.9819084181506257
    },
    "Random Baseline": {
      "name": "Random Baseline",
      "total_samples": 77,
      "avg_throughput_mbps": 7.938094451608138,
      "min_throughput_mbps": 1.4383926257884052,
      "max_throughput_mbps": 16.911330835266337,
      "std_throughput_mbps": 3.891853449502394,
      "throughput_5th_percentile": 2.4216138292530376,
      "throughput_95th_percentile": 15.348037647407201,
      "avg_prb": 10.12987012987013,
      "total_prb_used": 780,
      "prb_efficiency": 0.7836324009920854,
      "handover_count": 4,
      "total_handover_delay_ms": 200,
      "ping_pong_count": 0,
      "avg_rsrp": -110.51987012987013,
      "avg_sinr": 12.7187012987013,
      "samples_below_threshold": 38,
      "samples_critical": 1,
      "service_continuity": 98.7012987012987,
      "fairness_index": 0.808245132353262
    },
    "Greedy": {
      "name": "Greedy",
      "total_samples": 77,
      "avg_throughput_mbps": 11.239748303232915,
      "min_throughput_mbps": 2.5891067264191294,
      "max_throughput_mbps": 20.827252274143838,
      "std_throughput_mbps": 5.812178365259135,
      "throughput_5th_percentile": 3.0681520731494385,
      "throughput_95th_percentile": 20.535187442823407,
      "avg_prb": 13.38961038961039,
      "total_prb_used": 1031,
      "prb_efficiency": 0.839438040105659,
      "handover_count": 42,
      "total_handover_delay_ms": 2100,
      "ping_pong_count": 23,
      "avg_rsrp": -110.51987012987013,
      "avg_sinr": 12.7187012987013,
      "samples_below_threshold": 38,
      "samples_critical": 1,
      "service_continuity": 98.7012987012987,
      "fairness_index": 0.7911835108265247
    },
    "Conservative": {
      "name": "Conservative",
      "total_samples": 77,
      "avg_throughput_mbps": 6.5155285478484855,
      "min_throughput_mbps": 3.4521423018921724,
      "max_throughput_mbps": 9.801059893714747,
      "std_throughput_mbps": 1.9998469225176372,
      "throughput_5th_percentile": 3.836059943565729,
      "throughput_95th_percentile": 9.663617620152193,
      "avg_prb": 8.623376623376624,
      "total_prb_used": 664,
      "prb_efficiency": 0.7555658105185743,
      "handover_count": 4,
      "total_handover_delay_ms": 200,
      "ping_pong_count": 0,
      "avg_rsrp": -110.51987012987013,
      "avg_sinr": 12.7187012987013,
      "samples_below_threshold": 38,
      "samples_critical": 1,
      "service_continuity": 98.7012987012987,
      "fairness_index": 0.9149248910056627
    }
  },
  "configuration": {
    "total_prb": 100,
    "prb_bandwidth_hz": 180000.0,
    "handover_delay_ms": 50,
    "rsrp_handover_threshold": -110,
    "rsrp_critical_threshold": -120,
    "hysteresis_db": 3.0
  }
}