{
  "timestamp": "2025-11-21T23:51:40.575317",
  "configuration": {
    "prb_power_w": 0.5,
    "enb_power_per_prb_w": 1.0,
    "enb_static_power_w": 50.0,
    "uav_max_tx_power_dbm": 23.0,
    "uav_battery_capacity_wh": 100.0,
    "uav_flight_power_w": 150.0,
    "prb_bandwidth_hz": 180000.0
  },
  "algorithms": {
    "Baseline (Fixed)": {
      "name": "Baseline (Fixed)",
      "total_samples": 77,
      "simulation_duration_s": 77.0,
      "total_prb_energy_j": 385.0,
      "avg_prb_energy_per_sample_j": 5.0,
      "avg_prb_allocation": 10,
      "total_throughput_mb": 604.3437884950954,
      "avg_throughput_mbps": 7.848620629806432,
      "energy_efficiency_bits_per_j": 1509487.6495212717,
      "energy_efficiency_mb_per_j": 1.509487649521272,
      "avg_tx_power_dbm": 23.0,
      "avg_tx_power_w": 0.19952623149688797,
      "total_tx_energy_j": 15.363519825260374,
      "estimated_battery_drain_percent": 3.2553787555070204,
      "estimated_flight_time_extension_percent": 0.0,
      "total_enb_energy_j": 4620.0,
      "avg_enb_power_w": 60.0,
      "total_system_energy_j": 5020.3635198252605,
      "avg_rsrp_dbm": -110.51987012987013,
      "avg_sinr_db": 12.7187012987013
    },
    "xApp (Adaptive)": {
      "name": "xApp (Adaptive)",
      "total_samples": 77,
      "simulation_duration_s": 77.0,
      "total_prb_energy_j": 338.0,
      "avg_prb_energy_per_sample_j": 4.3896103896103895,
      "avg_prb_allocation": 8.779220779220779,
      "total_throughput_mb": 460.0303232065563,
      "avg_throughput_mbps": 5.97441978190333,
      "energy_efficiency_bits_per_j": 1301861.3903156815,
      "energy_efficiency_mb_per_j": 1.3018613903156815,
      "avg_tx_power_dbm": 23.0,
      "avg_tx_power_w": 0.19952623149688797,
      "total_tx_energy_j": 15.363519825260374,
      "estimated_battery_drain_percent": 3.2553787555070204,
      "estimated_flight_time_extension_percent": 0.0,
      "total_enb_energy_j": 4526.0,
      "avg_enb_power_w": 58.77922077922078,
      "total_system_energy_j": 4879.3635198252605,
      "avg_rsrp_dbm": -110.51987012987013,
      "avg_sinr_db": 12.7187012987013
    },
    "Greedy": {
      "name": "Greedy",
      "total_samples": 77,
      "simulation_duration_s": 77.0,
      "total_prb_energy_j": 515.5,
      "avg_prb_energy_per_sample_j": 6.694805194805195,
      "avg_prb_allocation": 13.38961038961039,
      "total_throughput_mb": 865.4606193489346,
      "avg_throughput_mbps": 11.239748303232915,
      "energy_efficiency_bits_per_j": 1630288.3641991648,
      "energy_efficiency_mb_per_j": 1.6302883641991648,
      "avg_tx_power_dbm": 23.0,
      "avg_tx_power_w": 0.19952623149688797,
      "total_tx_energy_j": 15.363519825260374,
      "estimated_battery_drain_percent": 3.2553787555070204,
      "estimated_flight_time_extension_percent": 0.0,
      "total_enb_energy_j": 4881.0,
      "avg_enb_power_w": 63.38961038961039,
      "total_system_energy_j": 5411.8635198252605,
      "avg_rsrp_dbm": -110.51987012987013,
      "avg_sinr_db": 12.7187012987013
    },
    "Conservative": {
      "name": "Conservative",
      "total_samples": 77,
      "simulation_duration_s": 77.0,
      "total_prb_energy_j": 332.0,
      "avg_prb_energy_per_sample_j": 4.311688311688312,
      "avg_prb_allocation": 8.623376623376624,
      "total_throughput_mb": 501.6956981843333,
      "avg_throughput_mbps": 6.5155285478484855,
      "energy_efficiency_bits_per_j": 1444295.8732013917,
      "energy_efficiency_mb_per_j": 1.4442958732013915,
      "avg_tx_power_dbm": 23.0,
      "avg_tx_power_w": 0.19952623149688797,
      "total_tx_energy_j": 15.363519825260374,
      "estimated_battery_drain_percent": 3.2553787555070204,
      "estimated_flight_time_extension_percent": 0.0,
      "total_enb_energy_j": 4514.0,
      "avg_enb_power_w": 58.62337662337662,
      "total_system_energy_j": 4861.3635198252605,
      "avg_rsrp_dbm": -110.51987012987013,
      "avg_sinr_db": 12.7187012987013
    },
    "Energy-Optimal": {
      "name": "Energy-Optimal",
      "total_samples": 77,
      "simulation_duration_s": 77.0,
      "total_prb_energy_j": 242.0,
      "avg_prb_energy_per_sample_j": 3.142857142857143,
      "avg_prb_allocation": 6.285714285714286,
      "total_throughput_mb": 340.99829797846434,
      "avg_throughput_mbps": 4.42854932439564,
      "energy_efficiency_bits_per_j": 1324967.4942664318,
      "energy_efficiency_mb_per_j": 1.3249674942664316,
      "avg_tx_power_dbm": 23.0,
      "avg_tx_power_w": 0.19952623149688797,
      "total_tx_energy_j": 15.363519825260374,
      "estimated_battery_drain_percent": 3.2553787555070204,
      "estimated_flight_time_extension_percent": 0.0,
      "total_enb_energy_j": 4334.0,
      "avg_enb_power_w": 56.285714285714285,
      "total_system_energy_j": 4591.3635198252605,
      "avg_rsrp_dbm": -110.51987012987013,
      "avg_sinr_db": 12.7187012987013
    }
  },
  "summary": {
    "best_energy_efficiency": "Greedy",
    "lowest_energy": "Energy-Optimal",
    "best_battery_life": "Baseline (Fixed)"
  }
}