{
  "timestamp": "2025-11-21T23:50:56.198857",
  "confidence_level": 0.95,
  "alpha": 0.050000000000000044,
  "scenario_statistics": {
    "baseline": {
      "rsrp_dBm": {
        "n": 76,
        "mean": -110.58184210526315,
        "std": 5.223198690592146,
        "se": 0.5991419803769772,
        "t_critical": 1.9921021536898653,
        "margin_of_error": 1.1935520294749873,
        "ci_lower": -111.77539413473814,
        "ci_upper": -109.38829007578816,
        "ci_width": 2.387104058949973,
        "min": -120.17,
        "max": -102.78,
        "median": -110.37,
        "q1": -114.715,
        "q3": -105.8075,
        "iqr": 8.907499999999999,
        "percentile_5": -118.8925,
        "percentile_95": -103.0775
      },
      "sinr_dB": {
        "n": 76,
        "mean": 12.656710526315791,
        "std": 5.222830493939187,
        "se": 0.5990997453243035,
        "t_critical": 1.9921021536898653,
        "margin_of_error": 1.1934678929355949,
        "ci_lower": 11.463242633380197,
        "ci_upper": 13.850178419251385,
        "ci_width": 2.386935785871188,
        "min": 3.07,
        "max": 20.45,
        "median": 12.870000000000001,
        "q1": 8.524999999999999,
        "q3": 17.4325,
        "iqr": 8.907500000000002,
        "percentile_5": 4.3475,
        "percentile_95": 20.16
      },
      "prb_allocation": {
        "n": 76,
        "mean": 5.0,
        "std": 0.0,
        "se": 0.0,
        "t_critical": 1.9921021536898653,
        "margin_of_error": 0.0,
        "ci_lower": 5.0,
        "ci_upper": 5.0,
        "ci_width": 0.0,
        "min": 5.0,
        "max": 5.0,
        "median": 5.0,
        "q1": 5.0,
        "q3": 5.0,
        "iqr": 0.0,
        "percentile_5": 5.0,
        "percentile_95": 5.0
      },
      "throughput_Mbps": {
        "n": 76,
        "mean": 43.41191964026764,
        "std": 16.025912092346434,
        "se": 1.8382981918053836,
        "t_critical": 1.9921021536898653,
        "margin_of_error": 3.66207778701969,
        "ci_lower": 39.74984185324795,
        "ci_upper": 47.07399742728733,
        "ci_width": 7.324155574039381,
        "min": 15.982140286537835,
        "max": 68.06291592857464,
        "median": 43.482950202861176,
        "q1": 30.21538312497551,
        "q3": 58.16775654744603,
        "iqr": 27.952373422470522,
        "percentile_5": 18.95742657563758,
        "percentile_95": 67.10845569550133
      },
      "handover_delay_ms": {
        "n": 1,
        "mean": 50.0,
        "std": 0,
        "se": 0,
        "ci_lower": 0,
        "ci_upper": 0,
        "ci_width": 0,
        "min": 50.0,
        "max": 50.0,
        "median": 50.0,
        "q1": 0,
        "q3": 0,
        "iqr": 0,
        "total_handovers": 0
      }
    },
    "fast_uav": {
      "rsrp_dBm": {
        "n": 76,
        "mean": -110.58184210526315,
        "std": 5.223198690592146,
        "se": 0.5991419803769772,
        "t_critical": 1.9921021536898653,
        "margin_of_error": 1.1935520294749873,
        "ci_lower": -111.77539413473814,
        "ci_upper": -109.38829007578816,
        "ci_width": 2.387104058949973,
        "min": -120.17,
        "max": -102.78,
        "median": -110.37,
        "q1": -114.715,
        "q3": -105.8075,
        "iqr": 8.907499999999999,
        "percentile_5": -118.8925,
        "percentile_95": -103.0775
      },
      "sinr_dB": {
        "n": 76,
        "mean": 12.656710526315791,
        "std": 5.222830493939187,
        "se": 0.5990997453243035,
        "t_critical": 1.9921021536898653,
        "margin_of_error": 1.1934678929355949,
        "ci_lower": 11.463242633380197,
        "ci_upper": 13.850178419251385,
        "ci_width": 2.386935785871188,
        "min": 3.07,
        "max": 20.45,
        "median": 12.870000000000001,
        "q1": 8.524999999999999,
        "q3": 17.4325,
        "iqr": 8.907500000000002,
        "percentile_5": 4.3475,
        "percentile_95": 20.16
      },
      "prb_allocation": {
        "n": 76,
        "mean": 5.0,
        "std": 0.0,
        "se": 0.0,
        "t_critical": 1.9921021536898653,
        "margin_of_error": 0.0,
        "ci_lower": 5.0,
        "ci_upper": 5.0,
        "ci_width": 0.0,
        "min": 5.0,
        "max": 5.0,
        "median": 5.0,
        "q1": 5.0,
        "q3": 5.0,
        "iqr": 0.0,
        "percentile_5": 5.0,
        "percentile_95": 5.0
      },
      "throughput_Mbps": {
        "n": 76,
        "mean": 43.41191964026764,
        "std": 16.025912092346434,
        "se": 1.8382981918053836,
        "t_critical": 1.9921021536898653,
        "margin_of_error": 3.66207778701969,
        "ci_lower": 39.74984185324795,
        "ci_upper": 47.07399742728733,
        "ci_width": 7.324155574039381,
        "min": 15.982140286537835,
        "max": 68.06291592857464,
        "median": 43.482950202861176,
        "q1": 30.21538312497551,
        "q3": 58.16775654744603,
        "iqr": 27.952373422470522,
        "percentile_5": 18.95742657563758,
        "percentile_95": 67.10845569550133
      },
      "handover_delay_ms": {
        "n": 1,
        "mean": 50.0,
        "std": 0,
        "se": 0,
        "ci_lower": 0,
        "ci_upper": 0,
        "ci_width": 0,
        "min": 50.0,
        "max": 50.0,
        "median": 50.0,
        "q1": 0,
        "q3": 0,
        "iqr": 0,
        "total_handovers": 0
      }
    },
    "high_load": {
      "rsrp_dBm": {
        "n": 76,
        "mean": -110.58184210526315,
        "std": 5.223198690592146,
        "se": 0.5991419803769772,
        "t_critical": 1.9921021536898653,
        "margin_of_error": 1.1935520294749873,
        "ci_lower": -111.77539413473814,
        "ci_upper": -109.38829007578816,
        "ci_width": 2.387104058949973,
        "min": -120.17,
        "max": -102.78,
        "median": -110.37,
        "q1": -114.715,
        "q3": -105.8075,
        "iqr": 8.907499999999999,
        "percentile_5": -118.8925,
        "percentile_95": -103.0775
      },
      "sinr_dB": {
        "n": 76,
        "mean": 12.656710526315791,
        "std": 5.222830493939187,
        "se": 0.5990997453243035,
        "t_critical": 1.9921021536898653,
        "margin_of_error": 1.1934678929355949,
        "ci_lower": 11.463242633380197,
        "ci_upper": 13.850178419251385,
        "ci_width": 2.386935785871188,
        "min": 3.07,
        "max": 20.45,
        "median": 12.870000000000001,
        "q1": 8.524999999999999,
        "q3": 17.4325,
        "iqr": 8.907500000000002,
        "percentile_5": 4.3475,
        "percentile_95": 20.16
      },
      "prb_allocation": {
        "n": 76,
        "mean": 5.0,
        "std": 0.0,
        "se": 0.0,
        "t_critical": 1.9921021536898653,
        "margin_of_error": 0.0,
        "ci_lower": 5.0,
        "ci_upper": 5.0,
        "ci_width": 0.0,
        "min": 5.0,
        "max": 5.0,
        "median": 5.0,
        "q1": 5.0,
        "q3": 5.0,
        "iqr": 0.0,
        "percentile_5": 5.0,
        "percentile_95": 5.0
      },
      "throughput_Mbps": {
        "n": 76,
        "mean": 43.41191964026764,
        "std": 16.025912092346434,
        "se": 1.8382981918053836,
        "t_critical": 1.9921021536898653,
        "margin_of_error": 3.66207778701969,
        "ci_lower": 39.74984185324795,
        "ci_upper": 47.07399742728733,
        "ci_width": 7.324155574039381,
        "min": 15.982140286537835,
        "max": 68.06291592857464,
        "median": 43.482950202861176,
        "q1": 30.21538312497551,
        "q3": 58.16775654744603,
        "iqr": 27.952373422470522,
        "percentile_5": 18.95742657563758,
        "percentile_95": 67.10845569550133
      },
      "handover_delay_ms": {
        "n": 1,
        "mean": 50.0,
        "std": 0,
        "se": 0,
        "ci_lower": 0,
        "ci_upper": 0,
        "ci_width": 0,
        "min": 50.0,
        "max": 50.0,
        "median": 50.0,
        "q1": 0,
        "q3": 0,
        "iqr": 0,