{
  "config": {
    "sim_time": 75.0,
    "xapp_url": null
  },
  "results": {
    "simulation_time": 75.0,
    "elapsed_time": 0.0019516944885253906,
    "total_handovers": 0,
    "avg_rsrp_dbm": -52.62239335276083,
    "avg_throughput_mbps": 127.49861544099072,
    "samples_collected": 151,
    "xapp_controlled": false
  },
  "timestamp": "20251121_203933"
}